-- Auto-generated SQL script #Proprietario_Possui_veiculos							
INSERT INTO proprietario_possui_veiculo (cpf_proprietario,placa)	
    VALUES(80894620819, 'ubl-ish');
INSERT INTO proprietario_possui_veiculo (cpf_proprietario,placa)	
    VALUES(61325437247, 'eve-rse');
INSERT INTO proprietario_possui_veiculo (cpf_proprietario,placa)	
    VALUES(65276717095, 'alv-arC');
INSERT INTO proprietario_possui_veiculo (cpf_proprietario,placa)	
    VALUES(70514712791, 'DFs-pri');
INSERT INTO proprietario_possui_veiculo (cpf_proprietario,placa)	
    VALUES(14136004923, 'olv-ing');
INSERT INTO proprietario_possui_veiculo (cpf_proprietario,placa)	
    VALUES(88340356402, 'Kas-sem');
INSERT INTO proprietario_possui_veiculo (cpf_proprietario,placa)	
    VALUES(68750898078, 'her-eve');
INSERT INTO proprietario_possui_veiculo (cpf_proprietario,placa)	
    VALUES(00121686108, 'sac-omb');
INSERT INTO proprietario_possui_veiculo (cpf_proprietario,placa)	
    VALUES(90475755634, 'al9-arC');
INSERT INTO proprietario_possui_veiculo (cpf_proprietario,placa)	
    VALUES(95594991301, 'TML-sci');
INSERT INTO proprietario_possui_veiculo (cpf_proprietario,placa)	
    VALUES(29786412311, 'TML-Veh');
INSERT INTO proprietario_possui_veiculo (cpf_proprietario,placa)	
    VALUES(07417928420, 'Kim-,JY');
INSERT INTO proprietario_possui_veiculo (cpf_proprietario,placa)	
    VALUES(92620247624, 'eut-ili');
INSERT INTO proprietario_possui_veiculo (cpf_proprietario,placa)	
    VALUES(25716713831, 'ith-erd');
INSERT INTO proprietario_possui_veiculo (cpf_proprietario,placa)	
    VALUES(38453721092, 'alg-arC');
INSERT INTO proprietario_possui_veiculo (cpf_proprietario,placa)	
    VALUES(45621849140, 'evd-rse');
INSERT INTO proprietario_possui_veiculo (cpf_proprietario,placa)	
    VALUES(12166895808, 'MSo-lan');
INSERT INTO proprietario_possui_veiculo (cpf_proprietario,placa)	
    VALUES(38913615649, 'RPm-ode');
INSERT INTO proprietario_possui_veiculo (cpf_proprietario,placa)	
    VALUES(35841086677, 'ehi-cle');
INSERT INTO proprietario_possui_veiculo (cpf_proprietario,placa)	
    VALUES(85744735372, 'alp-arC');
INSERT INTO proprietario_possui_veiculo (cpf_proprietario,placa)	
    VALUES(29019426524, 'DFk-eee');
INSERT INTO proprietario_possui_veiculo (cpf_proprietario,placa)	
    VALUES(62437726080, 'gen-eti');
INSERT INTO proprietario_possui_veiculo (cpf_proprietario,placa)	
    VALUES(86985871356, 'Zhe-ng,');
INSERT INTO proprietario_possui_veiculo (cpf_proprietario,placa)	
    VALUES(28562043508, 'lgo-rit');
INSERT INTO proprietario_possui_veiculo (cpf_proprietario,placa)	
    VALUES(80894620819, 'heo-pti');
INSERT INTO proprietario_possui_veiculo (cpf_proprietario,placa)	
    VALUES(61325437247, 'aln-arC');
INSERT INTO proprietario_possui_veiculo (cpf_proprietario,placa)	
    VALUES(65276717095, 'DFh-eee');
INSERT INTO proprietario_possui_veiculo (cpf_proprietario,placa)	
    VALUES(70514712791, 'nco-rpo');
INSERT INTO proprietario_possui_veiculo (cpf_proprietario,placa)	
    VALUES(14136004923, 'TWi-dja');
INSERT INTO proprietario_possui_veiculo (cpf_proprietario,placa)	
    VALUES(88340356402, 'yth-ead');
INSERT INTO proprietario_possui_veiculo (cpf_proprietario,placa)	
    VALUES(68750898078, 'hat-int');
INSERT INTO proprietario_possui_veiculo (cpf_proprietario,placa)	
    VALUES(00121686108, 'al4-arC');
INSERT INTO proprietario_possui_veiculo (cpf_proprietario,placa)	
    VALUES(90475755634, 'oll-uti');
INSERT INTO proprietario_possui_veiculo (cpf_proprietario,placa)	
    VALUES(95594991301, 'Kim-,JG');
    -- Auto-generated SQL script #motorista_veiculos				
INSERT INTO motorista_veiculos (cpf_motorista,placa_veiculo)	
    VALUES(19675845910, 'ubl-ish');
INSERT INTO motorista_veiculos (cpf_motorista,placa_veiculo)	
    VALUES(37415055527, 'eve-rse');
INSERT INTO motorista_veiculos (cpf_motorista,placa_veiculo)	
    VALUES(23252258790, 'alv-arC');
INSERT INTO motorista_veiculos (cpf_motorista,placa_veiculo)	
    VALUES(07217594081, 'DFs-pri');
INSERT INTO motorista_veiculos (cpf_motorista,placa_veiculo)	
    VALUES(43624635697, 'olv-ing');
INSERT INTO motorista_veiculos (cpf_motorista,placa_veiculo)	
    VALUES(49862403152, 'Kas-sem');
INSERT INTO motorista_veiculos (cpf_motorista,placa_veiculo)	
    VALUES(95610235987, 'her-eve');
INSERT INTO motorista_veiculos (cpf_motorista,placa_veiculo)	
    VALUES(69563653750, 'sac-omb');
INSERT INTO motorista_veiculos (cpf_motorista,placa_veiculo)	
    VALUES(54171569222, 'al9-arC');
INSERT INTO motorista_veiculos (cpf_motorista,placa_veiculo)	
    VALUES(67716867288, 'TML-sci');
INSERT INTO motorista_veiculos (cpf_motorista,placa_veiculo)	
    VALUES(18371797001, 'TML-Veh');
INSERT INTO motorista_veiculos (cpf_motorista,placa_veiculo)	
    VALUES(27041002845, 'Kim-,JY');

-- Auto-generated SQL script #motorista_viagem_veiculo							
INSERT INTO motorista_viagem_veiculo (cpf_motorista,placa_veiculo)	
    VALUES(19675845910, 'ubl-ish');
INSERT INTO motorista_viagem_veiculo (cpf_motorista,placa_veiculo)	
    VALUES(37415055527, 'eve-rse');
INSERT INTO motorista_viagem_veiculo (cpf_motorista,placa_veiculo)	
    VALUES(23252258790, 'alv-arC');
INSERT INTO motorista_viagem_veiculo (cpf_motorista,placa_veiculo)	
    VALUES(07217594081, 'DFs-pri');
INSERT INTO motorista_viagem_veiculo (cpf_motorista,placa_veiculo)	
    VALUES(43624635697, 'olv-ing');
INSERT INTO motorista_viagem_veiculo (cpf_motorista,placa_veiculo)	
    VALUES(49862403152, 'Kas-sem');
INSERT INTO motorista_viagem_veiculo (cpf_motorista,placa_veiculo)	
    VALUES(95610235987, 'her-eve');
INSERT INTO motorista_viagem_veiculo (cpf_motorista,placa_veiculo)	
    VALUES(69563653750, 'sac-omb');
INSERT INTO motorista_viagem_veiculo (cpf_motorista,placa_veiculo)	
    VALUES(54171569222, 'al9-arC');
INSERT INTO motorista_viagem_veiculo (cpf_motorista,placa_veiculo)	
    VALUES(67716867288, 'TML-sci');
INSERT INTO motorista_viagem_veiculo (cpf_motorista,placa_veiculo)	
    VALUES(18371797001, 'TML-Veh');
INSERT INTO motorista_viagem_veiculo (cpf_motorista,placa_veiculo)	
    VALUES(27041002845, 'Kim-,JY');
